Keyword,Search Volume,CPC,Competition,Number of Results,Trends,Keyword Difficulty,,,,,,,,,,,
hyips,210,2.7,0.42,423000,0.19,0.19,0.15,0.19,0.19,0.19,0.24,0.36,0.36,0.54,0.99,0.28,48.2
good investment ideas,590,3.75,0.89,276000000,0.55,0.19,0.82,0.67,0.82,0.44,0.19,0.67,0.99,0.99,0.82,0.67,86.55
hyip script,70,0.62,0.71,274000,0.36,0.21,0.99,0.79,0.5,0.5,0.36,0.36,0.5,0.28,0.36,0.5,33.71
safe high yield investments,90,8.83,0.93,2490000,0.53,0.24,0.41,0.65,0.41,0.53,0.41,0.99,0.65,0.65,0.65,0.65,73.46
money invest,20,3.94,0.92,87400000,0.25,0.25,0.75,0.5,0.5,0.5,0.75,0.99,0.5,0.5,0.5,0.5,84.51
short term investment options,480,8.09,0.89,7220000,0.82,0.28,0.67,0.67,0.28,0.44,0.28,0.82,0.99,0.67,0.82,0.67,81.11
highest return on investment,140,11.59,0.93,45600000,0.67,0.33,0.52,0.81,0.99,0.99,0.43,0.99,0.43,0.33,0.43,0.99,83.64
online money,1300,3.18,0.18,1670000000,0.34,0.34,0.3,0.34,0.34,0.45,0.99,0.99,0.34,0.34,0.34,0.34,85.11
hyip monitors,70,0.95,0.11,978000,0.45,0.36,0.64,0.82,0.27,0.99,0.82,0.64,0.64,0.99,0.64,0.82,42.24
online investment companies,210,20.2,0.95,352000000,0.54,0.36,0.23,0.28,0.67,0.99,0.28,0.82,0.36,0.99,0.67,0.54,81.17
best hyip,50,3.43,0.66,590000,0.56,0.43,0.56,0.99,0.56,0.71,0.56,0.71,0.71,0.56,0.99,0.71,31.47
high return on investment,40,6.02,0.94,22200000,0.56,0.43,0.43,0.99,0.99,0.56,0.56,0.56,0.56,0.56,0.56,0.56,73.67
high yield investing,170,8.55,0.98,8370000,0.67,0.43,0.52,0.67,0.81,0.81,0.81,0.99,0.99,0.67,0.99,0.81,79.93
hyip investment,70,3.15,0.9,515000,0.64,0.5,0.5,0.21,0.79,0.5,0.99,0.36,0.36,0.36,0.64,0.79,51.35
high yield investment programs,90,7.84,0.99,1330000,0.5,0.5,0.64,0.64,0.5,0.28,0.64,0.99,0.99,0.99,0.79,0.79,65.38
high yield safe investments,20,3.21,0.89,2480000,0.75,0.5,0.25,0.75,0.75,0.99,0.75,0.75,0.25,0.25,0.5,0.5,73.89
investment programs,90,7.29,0.94,1420000,0.36,0.5,0.5,0.5,0.99,0.99,0.64,0.64,0.5,0.36,0.79,0.64,72.95
investment with high return,20,5.91,0.92,30300000,0.5,0.5,0.5,0.25,0.25,0.25,0.25,0.99,0.99,0.75,0.75,0.75,81.52
best hyip monitor,50,0,0.2,1290000,0.1,0.52,0.43,0.99,0.1,0.1,0.1,0.33,0.14,0.14,0.14,0.19,37.18
high yield investment,140,6.94,0.96,16900000,0.52,0.52,0.52,0.52,0.52,0.52,0.43,0.67,0.67,0.67,0.67,0.99,86.42
high interest investments,210,9.6,0.93,29700000,0.81,0.53,0.53,0.66,0.99,0.66,0.66,0.81,0.53,0.53,0.81,0.66,69.22
high yield debt,210,0,0.18,37000000,0.54,0.54,0.44,0.44,0.54,0.44,0.54,0.99,0.54,0.44,0.54,0.67,82.21
invest online,480,22.45,0.94,286000000,0.44,0.54,0.44,0.44,0.36,0.54,0.54,0.82,0.99,0.99,0.99,0.99,82.92
online investment,390,16.98,0.92,675000000,0.54,0.54,0.54,0.54,0.66,0.66,0.66,0.99,0.66,0.81,0.66,0.66,76.16
high yield investment program,50,2.33,0.98,7260000,0.33,0.56,0.44,0.22,0.99,0.78,0.44,0.78,0.56,0.78,0.56,0.33,66.11
high yields,30,3.28,0.48,5450000,0.4,0.6,0.6,0.8,0.99,0.6,0.8,0.8,0.6,0.8,0.4,0.6,82.77
hyip scam,40,0.04,0.27,1450000,0.6,0.6,0.8,0.6,0.8,0.99,0.99,0.8,0.6,0.4,0.6,0.99,53.97
invest program,30,0,0.71,99500000,0.8,0.6,0.8,0.8,0.99,0.6,0.8,0.8,0.4,0.6,0.4,0.4,53.48
high return investment,50,7.94,0.99,63000000,0.27,0.64,0.36,0.27,0.36,0.27,0.45,0.45,0.45,0.45,0.99,0.64,85.71
high yield definition,90,0,0.03,3620000,0.79,0.64,0.5,0.79,0.79,0.79,0.79,0.64,0.28,0.99,0.64,0.64,83.36
high yield market,90,0,0.11,21200000,0.99,0.64,0.5,0.5,0.64,0.64,0.64,0.64,0.36,0.36,0.79,0.5,79.38
investment online,90,21.67,0.96,358000000,0.64,0.64,0.64,0.5,0.5,0.64,0.79,0.99,0.79,0.79,0.64,0.79,73.19
investment sites,260,14.22,0.94,473000000,0.66,0.66,0.66,0.66,0.66,0.81,0.81,0.99,0.66,0.81,0.99,0.81,74.38
hyip monitor,14800,2.47,0.03,410000,0.99,0.67,0.55,0.13,0.02,0.01,0.01,0.01,0.01,0.01,0.01,0.01,42.86
high interest investment,20,12.87,0.97,6900000,0.67,0.67,0.33,0.33,0.99,0.99,0.67,0.67,0.67,0.33,0.67,0.33,71.89
high yield bond funds,590,17.66,0.93,28800000,0.99,0.67,0.82,0.82,0.82,0.99,0.82,0.99,0.82,0.82,0.67,0.82,83.77
high yield corporate bonds,390,11.9,0.94,3320000,0.67,0.67,0.67,0.67,0.81,0.81,0.67,0.81,0.67,0.67,0.67,0.99,84.44
invest money online,320,11.82,0.95,45400000,0.67,0.67,0.54,0.54,0.67,0.67,0.99,0.99,0.67,0.54,0.67,0.54,76.64
online invest,20,17.28,0.92,98100000,0.99,0.67,0.67,0.33,0.67,0.99,0.67,0.99,0.33,0.67,0.33,0.67,71.76
mutual fund,14800,12.15,0.86,34000000,0.67,0.67,0.67,0.99,0.99,0.99,0.82,0.82,0.67,0.67,0.82,0.67,89.01
investments,9900,9.59,0.95,263000000,0.67,0.67,0.67,0.82,0.82,0.82,0.82,0.99,0.82,0.82,0.82,0.82,82.19
high yield investments,1000,7.27,0.93,33300000,0.68,0.77,0.68,0.68,0.77,0.99,0.99,0.99,0.77,0.77,0.99,0.99,85.83
low risk investments,1000,8.23,0.8,23000000,0.77,0.77,0.77,0.99,0.77,0.99,0.77,0.99,0.77,0.99,0.68,0.68,82.32
high yield bonds,1900,11.76,0.93,39600000,0.99,0.79,0.79,0.79,0.79,0.79,0.79,0.79,0.79,0.79,0.99,0.79,84.75
high yield stocks,1900,7.28,0.86,46700000,0.79,0.79,0.79,0.79,0.99,0.99,0.79,0.99,0.79,0.99,0.99,0.79,87.21
how to invest money online,70,9.88,0.95,45600000,0.64,0.79,0.99,0.79,0.36,0.79,0.36,0.5,0.28,0.36,0.5,0.36,78.44
high investment returns,40,6.67,0.92,255000000,0.99,0.8,0.8,0.8,0.4,0.8,0.8,0.6,0.6,0.8,0.99,0.8,80.06
high yielding investments,40,9.74,0.97,565000,0.8,0.8,0.8,0.6,0.8,0.8,0.8,0.6,0.8,0.99,0.8,0.6,81.18
investment program,40,8.66,0.89,9160000,0.99,0.8,0.6,0.99,0.8,0.8,0.8,0.99,0.8,0.8,0.6,0.8,73.17
what is high yield,50,0,0.11,12200000,0.99,0.8,0.8,0.99,0.99,0.99,0.8,0.99,0.6,0.99,0.8,0.8,87.06
high yield,1000,7.92,0.56,55200000,0.99,0.81,0.81,0.63,0.81,0.63,0.63,0.81,0.55,0.55,0.63,0.63,86.94
high yield funds,210,15.13,0.95,51500000,0.81,0.81,0.65,0.81,0.65,0.81,0.65,0.99,0.65,0.65,0.65,0.81,78.66
income investments,210,18.18,0.97,242000000,0.54,0.81,0.81,0.99,0.65,0.99,0.65,0.81,0.65,0.99,0.81,0.65,88.88
online investments,170,17.18,0.95,78700000,0.54,0.81,0.65,0.54,0.65,0.65,0.65,0.81,0.65,0.81,0.65,0.99,78.79
hyip,22200,1.69,0.03,930000,0.99,0.82,0.67,0.45,0.3,0.03,0.03,0.02,0.02,0.03,0.04,0.03,51.89
monitor,49500,1.37,0.48,789000000,0.99,0.82,0.82,0.82,0.82,0.99,0.82,0.99,0.82,0.82,0.82,0.99,88.77
high return investments,590,6.72,0.96,22300000,0.82,0.82,0.82,0.67,0.82,0.82,0.82,0.99,0.67,0.67,0.82,0.82,85.08
mutual funds,49500,13.39,0.96,48800000,0.67,0.82,0.82,0.82,0.99,0.99,0.99,0.99,0.82,0.82,0.99,0.82,88.94
investing,14800,10.57,0.84,203000000,0.99,0.82,0.82,0.82,0.99,0.99,0.82,0.99,0.82,0.82,0.82,0.82,86.3
invest,8100,13.14,0.9,287000000,0.82,0.82,0.82,0.99,0.99,0.99,0.99,0.99,0.82,0.82,0.82,0.82,79.39
investment,14800,10.79,0.92,874000000,0.82,0.82,0.82,0.99,0.99,0.99,0.99,0.99,0.82,0.82,0.82,0.82,86.78
best short term investments,1600,5.95,0.88,164000000,0.84,0.84,0.68,0.84,0.84,0.99,0.84,0.99,0.68,0.68,0.84,0.68,81.88
high yield etf,720,14.02,0.84,1860000,0.99,0.88,0.72,0.88,0.88,0.72,0.88,0.88,0.59,0.59,0.72,0.59,78.64
best investment return,20,7.65,0.89,4830000,0.67,0.99,0.67,0.67,0.99,0.67,0.67,0.67,0.33,0.99,0.67,0.99,82.88
best short term investment,170,6.31,0.81,99400000,0.81,0.99,0.81,0.81,0.81,0.81,0.99,0.99,0.67,0.67,0.81,0.81,83.09
fixed income investments,880,13.41,0.96,18700000,0.99,0.99,0.88,0.88,0.88,0.99,0.88,0.99,0.72,0.88,0.99,0.99,84.89
high yeild investments,30,25.51,0.98,9410000,0.5,0.99,0.75,0.5,0.75,0.99,0.75,0.75,0.75,0.75,0.99,0.75,85.83
high yield bond,480,15.85,0.63,43600000,0.99,0.99,0.81,0.81,0.81,0.81,0.81,0.81,0.66,0.66,0.66,0.54,83.54
high yield fixed income,50,6.48,0.96,8550000,0.71,0.99,0.71,0.99,0.71,0.71,0.99,0.99,0.71,0.56,0.99,0.71,80.47
high yield fund,90,9.9,0.73,18600000,0.82,0.99,0.99,0.64,0.64,0.64,0.82,0.82,0.64,0.64,0.64,0.64,79.14
high yield mutual funds,480,19.55,0.94,18600000,0.81,0.99,0.81,0.81,0.99,0.81,0.99,0.99,0.66,0.66,0.81,0.66,84.93
high yield notes,40,3.64,0.79,4940000,0.99,0.99,0.4,0.8,0.99,0.8,0.8,0.8,0.6,0.4,0.99,0.8,64.07
investment scam,50,0,0.25,16400000,0.71,0.99,0.99,0.71,0.99,0.99,0.71,0.71,0.99,0.99,0.56,0.56,83.83
safe investments with high returns,50,7.85,0.96,2180000,0.64,0.99,0.45,0.36,0.36,0.36,0.45,0.64,0.27,0.27,0.36,0.45,83.21
investment fund,480,12.1,0.81,38700000,0.99,0.99,0.81,0.81,0.99,0.99,0.81,0.99,0.81,0.81,0.99,0.81,68.57
make money,12100,2.62,0.23,567000000,0.82,0.99,0.82,0.99,0.82,0.82,0.82,0.99,0.99,0.99,0.82,0.82,84.48
